job_role,employ_fname,employ_lname,airline_name
Flight Attendant,Fiona,Martinez,United Airlines
Co-Pilot,Zane,Johnson,United Airlines
Flight Attendant Lead,Fiona,Miller,Delta
Captain,Olivia,Williams,Delta
Co-Pilot,George,Garcia,United Airlines
Flight Attendant,Daisy,Martinez,JetBlue
Flight Attendant,Hannah,Moore,American Airlines
Flight Attendant Lead,Ethan,Moore,Delta
Flight Attendant,Daisy,Garcia,United Airlines
Flight Attendant,Liam,Moore,Delta
Co-Pilot,Ursula,Thompson,American Airlines
Flight Attendant,Xander,Davis,Delta
Flight Attendant Lead,Charlie,Martinez,American Airlines
Flight Engineer,Alice,Davis,Southwest Airlines
Flight Attendant Lead,Charlie,Taylor,JetBlue
Flight Attendant,George,Wilson,Delta
Flight Attendant Lead,Rachel,Smith,Delta
Co-Pilot,Fiona,Brown,Delta
Co-Pilot,Ursula,Taylor,Delta
Flight Engineer,Quinn,Martin,American Airlines
Flight Attendant,Ursula,Taylor,Delta
Flight Attendant,Victor,Garcia,JetBlue
Flight Attendant,Hannah,White,Southwest Airlines
Co-Pilot,Ivy,White,Southwest Airlines
Flight Attendant,Ursula,Anderson,JetBlue
Captain,Liam,Smith,American Airlines
Flight Attendant Lead,Ursula,Martin,Delta
Flight Attendant Lead,Ethan,Smith,United Airlines
Captain,Katie,Taylor,JetBlue
Flight Attendant,Wendy,Davis,United Airlines
Flight Attendant,Yvonne,Robinson,Delta
Flight Attendant Lead,Bob,Williams,United Airlines
Flight Attendant,Ethan,Robinson,American Airlines
Flight Attendant,Hannah,Davis,American Airlines
Flight Attendant,Liam,Moore,JetBlue
Flight Attendant,Bob,Johnson,United Airlines
Flight Attendant,Zane,Robinson,American Airlines
Co-Pilot,Sam,Robinson,Southwest Airlines
Flight Attendant,Olivia,Moore,Delta
Flight Attendant,Xander,Moore,United Airlines
Flight Engineer,Yvonne,Robinson,United Airlines
Flight Attendant,Fiona,Davis,Delta
Co-Pilot,Rachel,Smith,JetBlue
Flight Attendant,Ursula,Martin,United Airlines
Flight Attendant,Liam,Miller,American Airlines
Flight Attendant,Wendy,Thompson,United Airlines
Flight Attendant,Jack,Brown,American Airlines
Flight Attendant,Quinn,Garcia,Delta
Flight Engineer,Jack,Thompson,JetBlue
Flight Attendant Lead,Bob,Jackson,JetBlue
Flight Attendant Lead,Fiona,White,Southwest Airlines
Flight Attendant,Charlie,White,American Airlines
Captain,Rachel,Jackson,American Airlines
Flight Attendant Lead,Jack,Garcia,JetBlue
Co-Pilot,Charlie,Thomas,Southwest Airlines
Flight Attendant,Katie,Wilson,Southwest Airlines
Flight Attendant Lead,Zane,Brown,United Airlines
Flight Attendant,Hannah,Martin,United Airlines
Flight Attendant,Sam,Miller,Southwest Airlines
Flight Attendant,Sam,Wilson,JetBlue
Flight Attendant,Xander,Williams,Delta
Flight Engineer,Liam,Jones,Delta
Flight Attendant Lead,Olivia,Taylor,American Airlines
Co-Pilot,Sam,Brown,JetBlue
Flight Engineer,Rachel,Brown,American Airlines
Flight Attendant,Daisy,Harris,JetBlue
Captain,Liam,Thomas,American Airlines
Flight Attendant Lead,Tina,Harris,Southwest Airlines
Captain,Jack,Jackson,Southwest Airlines
Flight Engineer,Jack,Davis,United Airlines
Flight Attendant Lead,Rachel,Davis,JetBlue
Flight Attendant,Ivy,Davis,United Airlines
Flight Attendant,Wendy,Jones,Southwest Airlines
Flight Attendant,Alice,Martinez,American Airlines
Flight Attendant,Zane,White,United Airlines
Flight Engineer,George,Moore,Southwest Airlines
Flight Attendant Lead,Alice,Jackson,Delta
Co-Pilot,Liam,Martinez,United Airlines
Flight Attendant,Tina,Robinson,United Airlines
Flight Attendant Lead,Quinn,Robinson,American Airlines
Captain,Fiona,Martinez,United Airlines
Flight Attendant Lead,Tina,Brown,Delta
Flight Attendant Lead,Bob,Jackson,Delta
Flight Attendant Lead,Rachel,Robinson,Delta
Captain,Ivy,Harris,Southwest Airlines
Flight Attendant,Alice,Jackson,United Airlines
Flight Engineer,Ethan,Thomas,Delta
Flight Attendant,George,Taylor,United Airlines
Captain,Zane,Jackson,Southwest Airlines
Flight Attendant,Liam,Martin,Delta
Co-Pilot,Xander,Jackson,United Airlines
Flight Attendant Lead,George,Anderson,JetBlue
Captain,Xander,Moore,United Airlines
Co-Pilot,Yvonne,Brown,American Airlines
Flight Engineer,Yvonne,Johnson,Delta
Flight Engineer,Fiona,Jackson,United Airlines
Flight Attendant,Bob,Davis,American Airlines
Flight Attendant,Alice,Moore,United Airlines
Flight Attendant,Hannah,Jackson,United Airlines
Flight Attendant,Jack,Thomas,United Airlines
Flight Attendant,Ethan,Wilson,Delta
Flight Attendant,Ivy,Harris,JetBlue
Flight Attendant,George,Jones,United Airlines
Flight Attendant Lead,George,Jackson,American Airlines
Captain,Alice,Moore,Delta
Flight Engineer,Quinn,White,Delta
Flight Engineer,Yvonne,Robinson,Southwest Airlines
Flight Attendant,Alice,Martin,American Airlines
Flight Attendant,Sam,Jackson,United Airlines
Captain,Xander,Martin,Southwest Airlines
Co-Pilot,Zane,Moore,United Airlines
Flight Attendant,Tina,Martinez,United Airlines
Flight Attendant,Liam,Moore,Southwest Airlines
Captain,Yvonne,Taylor,American Airlines
Captain,Nathan,Wilson,American Airlines
Flight Attendant,Mia,Anderson,United Airlines
Captain,Jack,Wilson,American Airlines
Flight Engineer,Daisy,Davis,American Airlines
Flight Attendant Lead,Liam,Anderson,JetBlue
Captain,Zane,Johnson,Delta
Captain,Quinn,Davis,Southwest Airlines
Captain,Wendy,Robinson,JetBlue
Captain,Quinn,Wilson,Southwest Airlines
Flight Attendant Lead,Yvonne,Williams,American Airlines
Flight Engineer,Alice,Miller,United Airlines
Flight Attendant,Katie,Martin,Delta
Flight Attendant Lead,Wendy,White,Delta
Flight Attendant,Quinn,Garcia,Delta
Flight Attendant,Yvonne,Harris,JetBlue
Flight Attendant,Tina,Miller,Southwest Airlines
Flight Attendant,Zane,Jackson,United Airlines
Flight Attendant,Charlie,Wilson,American Airlines
Flight Engineer,Katie,Thompson,Delta
Co-Pilot,Peter,Moore,United Airlines
Flight Attendant,Katie,Williams,United Airlines
Co-Pilot,George,Martin,American Airlines
Flight Attendant,Ivy,Martinez,JetBlue
Flight Attendant,Hannah,Anderson,Southwest Airlines
Captain,Daisy,Smith,JetBlue
Flight Engineer,Alice,Wilson,Southwest Airlines
Flight Attendant,Hannah,Garcia,American Airlines
Flight Engineer,Olivia,Miller,United Airlines
Co-Pilot,Tina,Taylor,JetBlue
Flight Attendant,Sam,Smith,Delta
Flight Engineer,Ivy,Wilson,United Airlines
Flight Attendant,Katie,Williams,American Airlines
Flight Attendant Lead,Fiona,Miller,Delta
Captain,Jack,Garcia,United Airlines
Flight Attendant Lead,Ivy,Anderson,United Airlines
Flight Engineer,Sam,Johnson,Southwest Airlines
Flight Attendant,Sam,Brown,Southwest Airlines
Flight Attendant,Daisy,Jackson,Delta
Captain,Hannah,Davis,Southwest Airlines
Flight Attendant Lead,Katie,Thompson,Delta
Captain,Olivia,Williams,Southwest Airlines
Flight Attendant,Zane,Martinez,United Airlines
Co-Pilot,Bob,Thompson,JetBlue
Co-Pilot,Olivia,Harris,Delta
Captain,Ursula,Jackson,Delta
Flight Engineer,Tina,Smith,Delta
Captain,Bob,Robinson,Southwest Airlines
Flight Attendant,Victor,Johnson,Southwest Airlines
Co-Pilot,Sam,Wilson,Southwest Airlines
Flight Attendant Lead,Nathan,Jones,United Airlines
Captain,Katie,Moore,United Airlines
Flight Attendant,Mia,Jones,JetBlue
Captain,Nathan,Anderson,Southwest Airlines
Flight Attendant Lead,Sam,Taylor,Southwest Airlines
Flight Attendant,Tina,Wilson,Southwest Airlines
Flight Attendant Lead,Olivia,Anderson,Southwest Airlines
Flight Attendant,Tina,Davis,Delta
Co-Pilot,Quinn,Johnson,American Airlines
Co-Pilot,Mia,Harris,American Airlines
Captain,Quinn,Thompson,Delta
Co-Pilot,Quinn,Harris,Southwest Airlines
Co-Pilot,Charlie,Thompson,JetBlue
Flight Attendant,Hannah,Wilson,Delta
Flight Attendant,Xander,Smith,United Airlines
Flight Attendant,Victor,Brown,JetBlue
Flight Attendant Lead,Daisy,Taylor,JetBlue
Flight Attendant,Charlie,Miller,JetBlue
Flight Attendant,Xander,Harris,Delta
Co-Pilot,Alice,Anderson,Delta
Flight Attendant Lead,Ursula,Brown,JetBlue
Flight Attendant,Wendy,Taylor,United Airlines
Flight Attendant,Zane,Johnson,American Airlines
Flight Engineer,Daisy,Thomas,Southwest Airlines
Co-Pilot,Zane,Jones,Southwest Airlines
Flight Attendant,Yvonne,Anderson,American Airlines
Flight Attendant,Charlie,Jones,JetBlue
Flight Attendant,Liam,Jackson,American Airlines
Flight Attendant,Ivy,White,JetBlue
Flight Attendant,Wendy,Martinez,JetBlue
Flight Attendant Lead,Sam,Miller,JetBlue
Co-Pilot,Katie,Wilson,United Airlines
Flight Attendant,Zane,Taylor,American Airlines
Flight Attendant Lead,Rachel,Taylor,JetBlue
Flight Engineer,Mia,Martinez,Southwest Airlines
Flight Attendant,Quinn,Brown,American Airlines
Flight Attendant Lead,Zane,Harris,JetBlue
Flight Attendant,Liam,Jones,American Airlines
Flight Attendant,Wendy,Johnson,American Airlines
Flight Engineer,Wendy,Taylor,Delta
Flight Attendant Lead,Quinn,Thomas,American Airlines
Captain,Xander,Davis,American Airlines
Captain,Katie,Thomas,Southwest Airlines
Flight Attendant Lead,Ethan,White,Southwest Airlines
Flight Attendant,Xander,Anderson,Southwest Airlines
Flight Attendant,Zane,Martin,United Airlines
Flight Attendant,George,Anderson,American Airlines
Co-Pilot,Ursula,Williams,Southwest Airlines
Flight Attendant,Zane,Robinson,JetBlue
Captain,Katie,Miller,United Airlines
Flight Attendant,Sam,Taylor,JetBlue
Flight Attendant,Liam,White,American Airlines
Captain,Fiona,Smith,Southwest Airlines
Flight Engineer,Olivia,Martin,JetBlue
Flight Attendant,Ethan,Martinez,JetBlue
Flight Engineer,Liam,Davis,Delta
Flight Engineer,Olivia,Johnson,Delta
Co-Pilot,Sam,Martinez,JetBlue
Flight Attendant,Katie,Thompson,JetBlue
Flight Attendant Lead,Xander,Thompson,United Airlines
Flight Engineer,Daisy,Miller,Southwest Airlines
Co-Pilot,Peter,Garcia,JetBlue
Flight Attendant,Fiona,Thomas,American Airlines
Flight Attendant,Katie,Davis,JetBlue
Co-Pilot,Daisy,Garcia,United Airlines
Flight Attendant,Ivy,Moore,Southwest Airlines
Flight Attendant Lead,Ursula,Harris,JetBlue
Flight Attendant,Olivia,Brown,Southwest Airlines
Co-Pilot,Ivy,Wilson,Southwest Airlines
Flight Engineer,Liam,Brown,JetBlue
Flight Attendant,Bob,White,Delta
Flight Attendant,Peter,Garcia,JetBlue
Captain,Victor,White,Southwest Airlines
Flight Attendant,Wendy,Martin,American Airlines
Flight Attendant Lead,Katie,Jackson,JetBlue
Flight Attendant,Wendy,Jackson,United Airlines
Flight Attendant,Victor,Jackson,JetBlue
Flight Attendant Lead,Fiona,Brown,Southwest Airlines
Flight Attendant,Bob,Jones,United Airlines
Captain,Victor,Anderson,Delta
Captain,Mia,Garcia,Southwest Airlines
Flight Attendant,Daisy,Garcia,Delta
Flight Attendant,Ursula,Brown,United Airlines
Flight Attendant,Mia,Williams,American Airlines
Flight Attendant,Yvonne,Thompson,Delta
Flight Attendant Lead,Victor,Johnson,Southwest Airlines
Flight Attendant Lead,Wendy,Martin,JetBlue
Captain,Fiona,Taylor,Delta
Flight Attendant,Quinn,White,Delta
Captain,Jack,Wilson,American Airlines
Flight Attendant,Yvonne,Harris,JetBlue
Co-Pilot,Ursula,Johnson,American Airlines
Co-Pilot,Liam,Johnson,American Airlines
Flight Attendant,Victor,Miller,JetBlue
Flight Attendant Lead,Katie,Brown,Southwest Airlines
Flight Attendant,Liam,Martinez,American Airlines
Captain,Quinn,Williams,Delta
Captain,George,Harris,Delta
Co-Pilot,Wendy,Thompson,Delta
Flight Attendant,Ursula,Taylor,Delta
Captain,Olivia,Harris,Delta
Flight Attendant,Rachel,Thomas,American Airlines
Captain,Ursula,Miller,Southwest Airlines
Flight Attendant Lead,Bob,Martinez,JetBlue
Flight Attendant,Ethan,White,United Airlines
Flight Attendant,George,Davis,Delta
Flight Attendant,Katie,Taylor,United Airlines
Co-Pilot,Hannah,Garcia,Southwest Airlines
Flight Attendant,Tina,Martinez,Delta
Flight Attendant Lead,Yvonne,Harris,Southwest Airlines
Flight Attendant Lead,Tina,Davis,Delta
Captain,Bob,Wilson,Delta
Flight Attendant Lead,Katie,Thomas,United Airlines
Flight Attendant Lead,Hannah,Brown,Delta
Flight Attendant,George,White,Delta
Flight Engineer,Ursula,Brown,JetBlue
Flight Attendant,Bob,Martinez,Southwest Airlines
Flight Attendant,Sam,Jackson,JetBlue
Flight Engineer,Daisy,Robinson,Delta
Flight Attendant,Katie,Martinez,Delta
Flight Attendant,Bob,Thomas,American Airlines
Flight Engineer,Rachel,Garcia,American Airlines
Captain,Wendy,Wilson,United Airlines
Captain,Tina,Smith,United Airlines
Flight Attendant,Hannah,Jackson,Southwest Airlines
Flight Attendant,Katie,Robinson,JetBlue
Flight Engineer,Wendy,Miller,American Airlines
Flight Attendant,Mia,Williams,American Airlines
Flight Attendant Lead,Nathan,Williams,American Airlines
Co-Pilot,Liam,Taylor,United Airlines
Flight Engineer,Charlie,Miller,United Airlines
Flight Engineer,Sam,Jones,Southwest Airlines
Flight Attendant,Tina,Davis,Southwest Airlines
Flight Engineer,Liam,Wilson,American Airlines
Flight Attendant,Sam,Williams,American Airlines
Flight Attendant,Yvonne,Jones,United Airlines
Flight Attendant,Jack,Robinson,American Airlines
